Workbook

Sheet Read Me
A1: HEPA Filter Compliance — Sample Dataset
A2: Jubilant HollisterStier — Spokane, WA sterile fill-finish facility (illustrative demo data)
A4: Purpose
A5: This workbook is a SAMPLE / DEMO dataset only. All facility names, filter IDs, technician names, serial numbers, and readings are illustrative and do not represent actual production or compliance data.
A6: It is structured to mirror the data model in the HEPA Technical Implementation Guide and the Client Focus Brief, so it can be imported directly into an Oxmaint demo environment or used as a walkthrough script.
A8: Sheets
A9: 1. Filter Asset Registry — cleanroom + filter master data (ISO class, location, install date, test interval, status)
A10: 2. DOP-PAO Test Records — integrity test results per filter, with pass/fail computed against the 0.01% penetration threshold
A11: 3. Leak Detection Records — periodic pressure differential / leak readings per filter, with threshold-breach flag
A12: 4. Replacement Records — filter change chain-of-custody: serials, supplier cert, pre/post validation, recert status
A13: 5. Compliance Dashboard — roll-up metrics computed with formulas from the four data sheets (test currency, pass rate, overdue count, audit-readiness)
A14: 6. SAP Integration Mapping — illustrative Oxmaint-to-SAP equipment/work order mapping and sync status (Focus Area: SAP / CMMS integration)
... A19: Cleanrooms modeled: CR-101/102 (ISO 5, sterile fill lines), CR-204/205 (ISO 7, lyophilization suites), CR-310 (ISO 8, gowning/support area).

Sheet Filter Asset Registry
A1: Filter Asset Registry
A2: Master list of registered HEPA filters by cleanroom
A4: Filter ID | B4: Cleanroom ID | C4: Cleanroom Name | D4: ISO Class | E4: Location QR Code | F4: Install Date | G4: Filter Age (days) | H4: Test Interval | I4: Current Status
A5: HF-2001 | B5: CR-101 | C5: Sterile Fill Line 1 | D5: ISO 5 | E5: QR-HF-2001 | F5: 45444 | G5: =TODAY()-F5 -> 815 | H5: Quarterly | I5: Active
A6: HF-2002 | B6: CR-102 | C6: Sterile Fill Line 2 | D6: ISO 5 | E6: QR-HF-2002 | F6: 45461 | G6: =TODAY()-F6 -> 798 | H6: Quarterly | I6: Active
A7: HF-2003 | B7: CR-204 | C7: Lyophilization Suite A | D7: ISO 7 | E7: QR-HF-2003 | F7: 45478 | G7: =TODAY()-F7 -> 781 | H7: Semi-Annual | I7: Active
A8: HF-2004 | B8: CR-205 | C8: Lyophilization Suite B | D8: ISO 7 | E8: QR-HF-2004 | F8: 45495 | G8: =TODAY()-F8 -> 764 | H8: Semi-Annual | I8: Flagged
A9: HF-2005 | B9: CR-310 | C9: Gowning / Support Area | D9: ISO 8 | E9: QR-HF-2005 | F9: 45512 | G9: =TODAY()-F9 -> 747 | H9: Semi-Annual | I9: Active
A10: HF-2006 | B10: CR-101 | C10: Sterile Fill Line 1 | D10: ISO 5 | E10: QR-HF-2006 | F10: 45529 | G10: =TODAY()-F10 -> 730 | H10: Quarterly | I10: Pending Replacement
A11: HF-2007 | B11: CR-102 | C11: Sterile Fill Line 2 | D11: ISO 5 | E11: QR-HF-2007 | F11: 45546 | G11: =TODAY()-F11 -> 713 | H11: Quarterly | I11: Active
A12: HF-2008 | B12: CR-204 | C12: Lyophilization Suite A | D12: ISO 7 | E12: QR-HF-2008 | F12: 45563 | G12: =TODAY()-F12 -> 696 | H12: Semi-Annual | I12: Active
A13: HF-2009 | B13: CR-205 | C13: Lyophilization Suite B | D13: ISO 7 | E13: QR-HF-2009 | F13: 45580 | G13: =TODAY()-F13 -> 679 | H13: Semi-Annual | I13: Active
A14: HF-2010 | B14: CR-310 | C14: Gowning / Support Area | D14: ISO 8 | E14: QR-HF-2010 | F14: 45597 | G14: =TODAY()-F14 -> 662 | H14: Semi-Annual | I14: Active
A15: HF-2011 | B15: CR-101 | C15: Sterile Fill Line 1 | D15: ISO 5 | E15: QR-HF-2011 | F15: 45614 | G15: =TODAY()-F15 -> 645 | H15: Quarterly | I15: Active
A16: HF-2012 | B16: CR-102 | C16: Sterile Fill Line 2 | D16: ISO 5 | E16: QR-HF-2012 | F16: 45631 | G16: =TODAY()-F16 -> 628 | H16: Quarterly | I16: Flagged
... A22: HF-2018 | B22: CR-204 | C22: Lyophilization Suite A | D22: ISO 7 | E22: QR-HF-2018 | F22: 45733 | G22: =TODAY()-F22 -> 526 | H22: Semi-Annual | I22: Active

Sheet DOP-PAO Test Records
A1: DOP-PAO Integrity Test Records
A2: Pass/Fail computed against ISO 14644 Annex D threshold (<= 0.01% penetration)
A3: Threshold (max penetration %): | B3: 0.0001
A5: Test ID | B5: Filter ID | C5: Test Date | D5: Test Points | E5: Penetration (%) | F5: Pass/Fail | G5: Technician ID | H5: Technician Name | I5: Record Lock Status
A6: DT-3001 | B6: HF-2001 | C6: 45700 | D6: 12 | E6: 0.00015 | F6: =IF(E6<=$B$3,"Pass","Fail") -> Fail | G6: T-102 | H6: J. Okafor | I6: =IF(F6="Pass","Locked","Locked - Flagged") -> Locked - Flagged
A7: DT-3002 | B7: HF-2001 | C7: 45711 | D7: 20 | E7: 4e-05 | F7: =IF(E7<=$B$3,"Pass","Fail") -> Pass | G7: T-103 | H7: R. Kim | I7: =IF(F7="Pass","Locked","Locked - Flagged") -> Locked
A8: DT-3003 | B8: HF-2002 | C8: 45722 | D8: 12 | E8: 8e-05 | F8: =IF(E8<=$B$3,"Pass","Fail") -> Pass | G8: T-104 | H8: S. Whitfield | I8: =IF(F8="Pass","Locked","Locked - Flagged") -> Locked
A9: DT-3004 | B9: HF-2002 | C9: 45733 | D9: 12 | E9: 6e-05 | F9: =IF(E9<=$B$3,"Pass","Fail") -> Pass | G9: T-101 | H9: M. Alvarez | I9: =IF(F9="Pass","Locked","Locked - Flagged") -> Locked
A10: DT-3005 | B10: HF-2003 | C10: 45744 | D10: 12 | E10: 0.00015 | F10: =IF(E10<=$B$3,"Pass","Fail") -> Fail | G10: T-102 | H10: J. Okafor | I10: =IF(F10="Pass","Locked","Locked - Flagged") -> Locked - Flagged
A11: DT-3006 | B11: HF-2003 | C11: 45755 | D11: 20 | E11: 0.00015 | F11: =IF(E11<=$B$3,"Pass","Fail") -> Fail | G11: T-103 | H11: R. Kim | I11: =IF(F11="Pass","Locked","Locked - Flagged") -> Locked - Flagged
A12: DT-3007 | B12: HF-2004 | C12: 45766 | D12: 12 | E12: 0.00012 | F12: =IF(E12<=$B$3,"Pass","Fail") -> Fail | G12: T-104 | H12: S. Whitfield | I12: =IF(F12="Pass","Locked","Locked - Flagged") -> Locked - Flagged
A13: DT-3008 | B13: HF-2004 | C13: 45777 | D13: 16 | E13: 0.00012 | F13: =IF(E13<=$B$3,"Pass","Fail") -> Fail | G13: T-101 | H13: M. Alvarez | I13: =IF(F13="Pass","Locked","Locked - Flagged") -> Locked - Flagged
A14: DT-3009 | B14: HF-2005 | C14: 45788 | D14: 12 | E14: 4e-05 | F14: =IF(E14<=$B$3,"Pass","Fail") -> Pass | G14: T-102 | H14: J. Okafor | I14: =IF(F14="Pass","Locked","Locked - Flagged") -> Locked
A15: DT-3010 | B15: HF-2005 | C15: 45799 | D15: 12 | E15: 4e-05 | F15: =IF(E15<=$B$3,"Pass","Fail") -> Pass | G15: T-103 | H15: R. Kim | I15: =IF(F15="Pass","Locked","Locked - Flagged") -> Locked
A16: DT-3011 | B16: HF-2006 | C16: 45810 | D16: 20 | E16: 6e-05 | F16: =IF(E16<=$B$3,"Pass","Fail") -> Pass | G16: T-104 | H16: S. Whitfield | I16: =IF(F16="Pass","Locked","Locked - Flagged") -> Locked
A17: DT-3012 | B17: HF-2006 | C17: 45821 | D17: 12 | E17: 0.00012 | F17: =IF(E17<=$B$3,"Pass","Fail") -> Fail | G17: T-101 | H17: M. Alvarez | I17: =IF(F17="Pass","Locked","Locked - Flagged") -> Locked - Flagged
... A41: DT-3036 | B41: HF-2018 | C41: 45785 | D41: 16 | E41: 6e-05 | F41: =IF(E41<=$B$3,"Pass","Fail") -> Pass | G41: T-101 | H41: M. Alvarez | I41: =IF(F41="Pass","Locked","Locked - Flagged") -> Locked

Sheet Leak Detection Records
A1: Leak Detection & Pressure Monitoring Records
A2: Pressure differential trend per filter, per ISO 14644 Section 8 intervals
A3: Breach threshold (pressure differential, in. wg): | C3: 0.35
A5: Reading ID | B5: Filter ID | C5: Reading Date | D5: Pressure Differential (in. wg) | E5: Reading Type | F5: Technician ID | G5: Threshold Breach
A6: LR-4001 | B6: HF-2001 | C6: 45726 | D6: 0.18 | E6: Scheduled | F6: T-102 | G6: =IF(D6>$C$3,"Breach","OK") -> OK
A7: LR-4002 | B7: HF-2001 | C7: 45735 | D7: 0.4 | E7: Scheduled | F7: T-103 | G7: =IF(D7>$C$3,"Breach","OK") -> Breach
A8: LR-4003 | B8: HF-2001 | C8: 45744 | D8: 0.22 | E8: Alert-Triggered | F8: T-104 | G8: =IF(D8>$C$3,"Breach","OK") -> OK
A9: LR-4004 | B9: HF-2002 | C9: 45753 | D9: 0.4 | E9: Scheduled | F9: T-101 | G9: =IF(D9>$C$3,"Breach","OK") -> Breach
A10: LR-4005 | B10: HF-2002 | C10: 45762 | D10: 0.18 | E10: Scheduled | F10: T-102 | G10: =IF(D10>$C$3,"Breach","OK") -> OK
A11: LR-4006 | B11: HF-2002 | C11: 45771 | D11: 0.28 | E11: Alert-Triggered | F11: T-103 | G11: =IF(D11>$C$3,"Breach","OK") -> OK
A12: LR-4007 | B12: HF-2003 | C12: 45780 | D12: 0.25 | E12: Scheduled | F12: T-104 | G12: =IF(D12>$C$3,"Breach","OK") -> OK
A13: LR-4008 | B13: HF-2003 | C13: 45789 | D13: 0.28 | E13: Scheduled | F13: T-101 | G13: =IF(D13>$C$3,"Breach","OK") -> OK
A14: LR-4009 | B14: HF-2003 | C14: 45798 | D14: 0.37 | E14: Alert-Triggered | F14: T-102 | G14: =IF(D14>$C$3,"Breach","OK") -> Breach
A15: LR-4010 | B15: HF-2004 | C15: 45807 | D15: 0.4 | E15: Scheduled | F15: T-103 | G15: =IF(D15>$C$3,"Breach","OK") -> Breach
A16: LR-4011 | B16: HF-2004 | C16: 45816 | D16: 0.25 | E16: Scheduled | F16: T-104 | G16: =IF(D16>$C$3,"Breach","OK") -> OK
A17: LR-4012 | B17: HF-2004 | C17: 45825 | D17: 0.22 | E17: Alert-Triggered | F17: T-101 | G17: =IF(D17>$C$3,"Breach","OK") -> OK
... A59: LR-4054 | B59: HF-2018 | C59: 45953 | D59: 0.22 | E59: Alert-Triggered | F59: T-103 | G59: =IF(D59>$C$3,"Breach","OK") -> OK

Sheet Replacement Records
A1: Filter Replacement / Chain-of-Custody Records
A2: Pre/post validation must both be present before recertification unlocks
A4: Replacement ID | B4: Filter ID | C4: Old Serial No | D4: New Serial No | E4: Supplier | F4: Supplier Cert Ref | G4: Pre-Validation Test ID | H4: Post-Validation Test ID | I4: Installation Date | J4: Recert Status
A5: RP-5001 | B5: HF-2004 | C5: S-HF-2004-OLD | D5: S-HF-2004-NEW | E5: Camfil APC | F5: CERT-2025000 | G5: DT-3001 | H5: DT-3002 | I5: 45809 | J5: =IF(AND(G5<>"",H5<>""),"Re-certified","Blocked - awaiting validation") -> Re-certified
A6: RP-5002 | B6: HF-2005 | C6: S-HF-2005-OLD | D6: S-HF-2005-NEW | E6: AAF International | F6: CERT-2025001 | G6: DT-3003 | H6: DT-3004 | I6: 45823 | J6: =IF(AND(G6<>"",H6<>""),"Re-certified","Blocked - awaiting validation") -> Re-certified
A7: RP-5003 | B7: HF-2006 | C7: S-HF-2006-OLD | D7: S-HF-2006-NEW | E7: Donaldson Filtration | F7: CERT-2025002 | G7: DT-3005 | H7: DT-3006 | I7: 45837 | J7: =IF(AND(G7<>"",H7<>""),"Re-certified","Blocked - awaiting validation") -> Re-certified
A8: RP-5004 | B8: HF-2007 | C8: S-HF-2007-OLD | D8: S-HF-2007-NEW | E8: Mann+Hummel | F8: CERT-2025003 | G8: DT-3007 | I8: 45851 | J8: =IF(AND(G8<>"",H8<>""),"Re-certified","Blocked - awaiting validation") -> Blocked - awaiting validation

Sheet Compliance Dashboard
A1: Compliance Dashboard
A2: Roll-up metrics computed from the four data sheets
A4: Metric | B4: Value | C4: Formula source
A5: Total registered filters | B5: =COUNTA('Filter Asset Registry'!A5:A22) -> 18 | C5: Filter Asset Registry
A6: Filters flagged or pending replacement | B6: =COUNTIF('Filter Asset Registry'!I5:I22,"Flagged")+COUNTIF('Filter Asset Registry'!I5:I22,"Pending Replacement") -> 4 | C6: Filter Asset Registry
A7: Total DOP/PAO tests recorded | B7: =COUNTA('DOP-PAO Test Records'!A6:A41) -> 36 | C7: DOP-PAO Test Records
A8: DOP/PAO pass rate | B8: =COUNTIF('DOP-PAO Test Records'!F6:F41,"Pass")/COUNTA('DOP-PAO Test Records'!F6:F41) -> 0.63888889 | C8: DOP-PAO Test Records
A9: Total leak detection readings | B9: =COUNTA('Leak Detection Records'!A6:A59) -> 54 | C9: Leak Detection Records
A10: Leak readings in breach | B10: =COUNTIF('Leak Detection Records'!G6:G59,"Breach") -> 19 | C10: Leak Detection Records
A11: Total replacement events | B11: =COUNTA('Replacement Records'!A5:A8) -> 4 | C11: Replacement Records
A12: Replacements blocked (awaiting validation) | B12: =COUNTIF('Replacement Records'!J5:J8,"Blocked - awaiting validation") -> 1 | C12: Replacement Records
A13: Audit readiness score (pass rate x no-breach rate) | B13: =B8*(1-(B10/B9)) -> 0.41409465 | C13: Computed

Sheet SAP Integration Mapping
A1: SAP Integration Mapping
A2: Illustrative mapping between Oxmaint filter/compliance records and SAP Plant Maintenance (PM) objects
A4: Oxmaint Filter ID | B4: SAP Equipment ID | C4: SAP Functional Location | D4: SAP Work Order No. | E4: Work Order Type | F4: Sync Status | G4: Last Sync Timestamp | H4: Linked Document Ref (Oxmaint)
A5: HF-2001 | B5: 101000 | C5: US-SPK-CR100-HEPA-01 | D5: 40005000 | E5: PM04 - Preventive (HEPA Test) | F5: Synced | G5: 45839 | H5: DOC-HF-2001
A6: HF-2002 | B6: 101001 | C6: US-SPK-CR101-HEPA-02 | D6: 40005001 | E6: PM01 - Corrective | F6: Synced | G6: 45842 | H6: DOC-HF-2002
A7: HF-2003 | B7: 101002 | C7: US-SPK-CR102-HEPA-03 | D7: 40005002 | E7: PM04 - Preventive (Leak Check) | F7: Synced | G7: 45845 | H7: DOC-HF-2003
A8: HF-2004 | B8: 101003 | C8: US-SPK-CR103-HEPA-04 | D8: 40005003 | E8: PM02 - Replacement | F8: Pending | G8: 45848 | H8: DOC-HF-2004
A9: HF-2005 | B9: 101004 | C9: US-SPK-CR104-HEPA-05 | D9: 40005004 | E9: PM04 - Preventive (HEPA Test) | F9: Error - Retry Queued | G9: 45851 | H9: DOC-HF-2005
A10: HF-2006 | B10: 101005 | C10: US-SPK-CR100-HEPA-06 | D10: 40005005 | E10: PM01 - Corrective | F10: Synced | G10: 45854 | H10: DOC-HF-2006
A11: HF-2007 | B11: 101006 | C11: US-SPK-CR101-HEPA-07 | D11: 40005006 | E11: PM04 - Preventive (Leak Check) | F11: Synced | G11: 45857 | H11: DOC-HF-2007
A12: HF-2008 | B12: 101007 | C12: US-SPK-CR102-HEPA-08 | D12: 40005007 | E12: PM02 - Replacement | F12: Synced | G12: 45860 | H12: DOC-HF-2008
A13: HF-2009 | B13: 101008 | C13: US-SPK-CR103-HEPA-09 | D13: 40005008 | E13: PM04 - Preventive (HEPA Test) | F13: Pending | G13: 45863 | H13: DOC-HF-2009
A14: HF-2010 | B14: 101009 | C14: US-SPK-CR104-HEPA-10 | D14: 40005009 | E14: PM01 - Corrective | F14: Error - Retry Queued | G14: 45866 | H14: DOC-HF-2010
A15: HF-2011 | B15: 101010 | C15: US-SPK-CR100-HEPA-11 | D15: 40005010 | E15: PM04 - Preventive (Leak Check) | F15: Synced | G15: 45869 | H15: DOC-HF-2011
A16: HF-2012 | B16: 101011 | C16: US-SPK-CR101-HEPA-12 | D16: 40005011 | E16: PM02 - Replacement | F16: Synced | G16: 45872 | H16: DOC-HF-2012
... A22: HF-2018 | B22: 101017 | C22: US-SPK-CR102-HEPA-18 | D22: 40005017 | E22: PM01 - Corrective | F22: Synced | G22: 45890 | H22: DOC-HF-2018
A25: Total mapped assets | B25: =COUNTA(A5:A22) -> 18
A26: Records in sync error / pending | B26: =COUNTIF(F5:F22,"Pending")+COUNTIF(F5:F22,"Error - Retry Queued") -> 6

Sheet Document Lifecycle Mgmt
A1: HEPA Certification Document Lifecycle
A2: Workflow routing, review/approval, e-signature, audit trail, retention, and notification status per record
A3: Notification lead time (days before due date): | E3: 14
A5: Document Ref | B5: Related Record ID | C5: Record Type | D5: Lifecycle Stage | E5: Routed To (Role) | F5: Reviewer | G5: Approval Status | H5: E-Signature By | I5: E-Signature Timestamp | J5: Audit Trail Entries | K5: Retention Expiry Date | L5: Next Cert. Due Date | M5: Notification Status
A6: DOC-HF-2001 | B6: HF-2001 | C6: DOP-PAO Test | D6: Created | E6: Quality Reviewer | F6: A. Petrov | G6: Pending | J6: 3 | K6: 48214 | L6: 45901 | M6: =IF(L6-TODAY()<=$E$3,IF(L6-TODAY()<0,"Overdue - Escalate","Due Soon - Notify"),"On Track") -> Overdue - Escalate
A7: DOC-HF-2002 | B7: HF-2002 | C7: Leak Detection | D7: Routed for Review | E7: Manufacturing Supervisor | F7: L. Nguyen | G7: Pending | J7: 5 | K7: 48244 | L7: 45914 | M7: =IF(L7-TODAY()<=$E$3,IF(L7-TODAY()<0,"Overdue - Escalate","Due Soon - Notify"),"On Track") -> Overdue - Escalate
A8: DOC-HF-2003 | B8: HF-2003 | C8: Replacement | D8: Under Review | E8: Quality Reviewer | F8: D. Castillo | G8: Pending | J8: 5 | K8: 48274 | L8: 45927 | M8: =IF(L8-TODAY()<=$E$3,IF(L8-TODAY()<0,"Overdue - Escalate","Due Soon - Notify"),"On Track") -> Overdue - Escalate
A9: DOC-HF-2004 | B9: HF-2004 | C9: DOP-PAO Test | D9: Approved - Signed | E9: Site Quality Lead | F9: A. Petrov | G9: Approved | H9: A. Petrov | I9: 45854.125 | J9: 7 | K9: 48304 | L9: 45940 | M9: =IF(L9-TODAY()<=$E$3,IF(L9-TODAY()<0,"Overdue - Escalate","Due Soon - Notify"),"On Track") -> Overdue - Escalate
A10: DOC-HF-2005 | B10: HF-2005 | C10: Leak Detection | D10: Locked / Audit-Ready | E10: Quality Reviewer | F10: A. Petrov | G10: Approved | H10: A. Petrov | I10: 45859.167 | J10: 7 | K10: 48334 | L10: 45953 | M10: =IF(L10-TODAY()<=$E$3,IF(L10-TODAY()<0,"Overdue - Escalate","Due Soon - Notify"),"On Track") -> Overdue - Escalate
A11: DOC-HF-2006 | B11: HF-2006 | C11: Replacement | D11: Created | E11: Manufacturing Supervisor | F11: L. Nguyen | G11: Pending | J11: 3 | K11: 48364 | L11: 45966 | M11: =IF(L11-TODAY()<=$E$3,IF(L11-TODAY()<0,"Overdue - Escalate","Due Soon - Notify"),"On Track") -> Overdue - Escalate
A12: DOC-HF-2007 | B12: HF-2007 | C12: DOP-PAO Test | D12: Routed for Review | E12: Quality Reviewer | F12: D. Castillo | G12: Pending | J12: 5 | K12: 48394 | L12: 45979 | M12: =IF(L12-TODAY()<=$E$3,IF(L12-TODAY()<0,"Overdue - Escalate","Due Soon - Notify"),"On Track") -> Overdue - Escalate
A13: DOC-HF-2008 | B13: HF-2008 | C13: Leak Detection | D13: Under Review | E13: Site Quality Lead | F13: A. Petrov | G13: Pending | J13: 5 | K13: 48424 | L13: 45992 | M13: =IF(L13-TODAY()<=$E$3,IF(L13-TODAY()<0,"Overdue - Escalate","Due Soon - Notify"),"On Track") -> Overdue - Escalate
A14: DOC-HF-2009 | B14: HF-2009 | C14: Replacement | D14: Approved - Signed | E14: Quality Reviewer | F14: A. Petrov | G14: Approved | H14: A. Petrov | I14: 45879 | J14: 7 | K14: 48454 | L14: 46005 | M14: =IF(L14-TODAY()<=$E$3,IF(L14-TODAY()<0,"Overdue - Escalate","Due Soon - Notify"),"On Track") -> Overdue - Escalate
A15: DOC-HF-2010 | B15: HF-2010 | C15: DOP-PAO Test | D15: Locked / Audit-Ready | E15: Manufacturing Supervisor | F15: L. Nguyen | G15: Approved | H15: L. Nguyen | I15: 45884.042 | J15: 7 | K15: 48484 | L15: 46018 | M15: =IF(L15-TODAY()<=$E$3,IF(L15-TODAY()<0,"Overdue - Escalate","Due Soon - Notify"),"On Track") -> Overdue - Escalate
A16: DOC-HF-2011 | B16: HF-2011 | C16: Leak Detection | D16: Created | E16: Quality Reviewer | F16: D. Castillo | G16: Pending | J16: 3 | K16: 48514 | L16: 46031 | M16: =IF(L16-TODAY()<=$E$3,IF(L16-TODAY()<0,"Overdue - Escalate","Due Soon - Notify"),"On Track") -> Overdue - Escalate
A17: DOC-HF-2012 | B17: HF-2012 | C17: Replacement | D17: Routed for Review | E17: Site Quality Lead | F17: A. Petrov | G17: Pending | J17: 5 | K17: 48544 | L17: 46044 | M17: =IF(L17-TODAY()<=$E$3,IF(L17-TODAY()<0,"Overdue - Escalate","Due Soon - Notify"),"On Track") -> Overdue - Escalate
A18: DOC-HF-2013 | B18: HF-2013 | C18: DOP-PAO Test | D18: Under Review | E18: Quality Reviewer | F18: A. Petrov | G18: Pending | J18: 5 | K18: 48574 | L18: 46057 | M18: =IF(L18-TODAY()<=$E$3,IF(L18-TODAY()<0,"Overdue - Escalate","Due Soon - Notify"),"On Track") -> Overdue - Escalate
A19: DOC-HF-2014 | B19: HF-2014 | C19: Leak Detection | D19: Approved - Signed | E19: Manufacturing Supervisor | F19: L. Nguyen | G19: Approved | H19: L. Nguyen | I19: 45904.208 | J19: 7 | K19: 48239 | L19: 46070 | M19: =IF(L19-TODAY()<=$E$3,IF(L19-TODAY()<0,"Overdue - Escalate","Due Soon - Notify"),"On Track") -> Overdue - Escalate
A20: DOC-HF-2015 | B20: HF-2015 | C20: Replacement | D20: Locked / Audit-Ready | E20: Quality Reviewer | F20: D. Castillo | G20: Approved | H20: D. Castillo | I20: 45909.25 | J20: 7 | K20: 48269 | L20: 45903 | M20: =IF(L20-TODAY()<=$E$3,IF(L20-TODAY()<0,"Overdue - Escalate","Due Soon - Notify"),"On Track") -> Overdue - Escalate
A21: DOC-HF-2016 | B21: HF-2016 | C21: DOP-PAO Test | D21: Created | E21: Site Quality Lead | F21: A. Petrov | G21: Pending | J21: 3 | K21: 48299 | L21: 45916 | M21: =IF(L21-TODAY()<=$E$3,IF(L21-TODAY()<0,"Overdue - Escalate","Due Soon - Notify"),"On Track") -> Overdue - Escalate
A22: DOC-HF-2017 | B22: HF-2017 | C22: Leak Detection | D22: Routed for Review | E22: Quality Reviewer | F22: A. Petrov | G22: Pending | J22: 5 | K22: 48329 | L22: 45929 | M22: =IF(L22-TODAY()<=$E$3,IF(L22-TODAY()<0,"Overdue - Escalate","Due Soon - Notify"),"On Track") -> Overdue - Escalate
A23: DOC-HF-2018 | B23: HF-2018 | C23: Replacement | D23: Under Review | E23: Manufacturing Supervisor | F23: L. Nguyen | G23: Pending | J23: 5 | K23: 48359 | L23: 45942 | M23: =IF(L23-TODAY()<=$E$3,IF(L23-TODAY()<0,"Overdue - Escalate","Due Soon - Notify"),"On Track") -> Overdue - Escalate
A26: Total documents tracked | B26: =COUNTA(A6:A23) -> 18
A27: Records overdue - escalate | B27: =COUNTIF(M6:M23,"Overdue - Escalate") -> 18
A28: Records due soon - notify | B28: =COUNTIF(M6:M23,"Due Soon - Notify") -> 0
A29: Records approved & signed | B29: =COUNTIF(G6:G23,"Approved") -> 6
